<?xml version="1.0"?>
<!--
/**
 * Magento Module developed by NoStress Commerce
 *
 * NOTICE OF LICENSE
 *
 * This source file is subject to the Open Software License (OSL 3.0)
 * that is bundled with this package in the file LICENSE.txt.
 * It is also available through the world-wide-web at this URL:
 * http://opensource.org/licenses/osl-3.0.php
 * If you did of the license and are unable to
 * obtain it through the world-wide-web, please send an email
 * to info@nostresscommerce.cz so we can send you a copy immediately.
 *
 * @copyright Copyright (c) 2015 NoStress Commerce (http://www.nostresscommerce.cz)
 *
 */
-->
<config xmlns:xsi="http://www.w3.org/2001/XMLSchema-instance" xsi:noNamespaceSchemaLocation="urn:magento:module:Magento_Cron:etc/crontab.xsd">
    <group id="default">
        <job name="nostress_koongo_update_server_config" instance="Nostress\Koongo\Model\Api\Client"
             method="updateServerConfig">
            <schedule>0 0 * * *</schedule>
        </job>
        <job name="nostress_koongo_run_scheduled_profiles" instance="Nostress\Koongo\Model\Channel\Profile\Manager"
             method="runProfilesByCron">
            <schedule>*/5 * * * *</schedule>
        </job>                
    </group>
</config>
