<?xml version="1.0"?>
<config xmlns:xsi="http://www.w3.org/2001/XMLSchema-instance" 
    xsi:noNamespaceSchemaLocation="../../../../../lib/internal/Magento/Framework/ObjectManager/etc/config.xsd">
    <type name="Nostress\Koongo\Model\Logger\Handler">
        <arguments>
            <argument name="filesystem" xsi:type="object">Magento\Framework\Filesystem\Driver\File</argument>
        </arguments>
    </type>
    <type name="Nostress\Koongo\Model\Logger">
        <arguments>
            <argument name="name" xsi:type="string">KoongoLogger</argument>
            <argument name="handlers"  xsi:type="array">
                <item name="system" xsi:type="object">Nostress\Koongo\Model\Logger\Handler</item>
            </argument>
        </arguments>
    </type>
    
   <!-- Doplnit tridu Nostress\Koongo\Model\ResourceModel\Channel\Profile\Grid\Collection podle CMS page
    Kod vcetne Grid collection - asi se bude hodit, taky funguje-->
    
   
    <preference for="Nostress\Koongo\Api\Data\Channel\ProfileSearchResultsInterface" type="Magento\Framework\Api\SearchResults" />
    <preference for="Nostress\Koongo\Api\Data\Channel\ProfileInterface" type="Nostress\Koongo\Model\Channel\Profile" />           
    <type name="Magento\Framework\View\Element\UiComponent\DataProvider\CollectionFactory">
    	<arguments>
            <argument name="collections" xsi:type="array">
                <item name="koongo_channel_profile_listing_data_source" xsi:type="string">Nostress\Koongo\Model\ResourceModel\Channel\Profile\Grid\Collection</item>                
            </argument>
        </arguments>
    </type>
    <type name="Nostress\Koongo\Model\ResourceModel\Channel\Profile\Grid\Collection">
        <arguments>
            <argument name="mainTable" xsi:type="string">nostress_koongo_channel_profile</argument>
            <argument name="eventPrefix" xsi:type="string">koongo_channel_profile_grid_collection</argument>
            <argument name="eventObject" xsi:type="string">channel_profile_grid_collection</argument>
            <argument name="resourceModel" xsi:type="string">Nostress\Koongo\Model\ResourceModel\Channel\Profile</argument>
        </arguments>
    </type>
    
    <virtualType name="KoongoGirdFilterPool" type="Magento\Framework\View\Element\UiComponent\DataProvider\FilterPool">
        <arguments>
            <argument name="appliers" xsi:type="array">
                <item name="regular" xsi:type="object">Magento\Framework\View\Element\UiComponent\DataProvider\RegularFilter</item>
                <item name="fulltext" xsi:type="object">Magento\Framework\View\Element\UiComponent\DataProvider\FulltextFilter</item>
            </argument>
        </arguments>
    </virtualType>
    <virtualType name="ChannelProfileGridDataProvider" type="Magento\Framework\View\Element\UiComponent\DataProvider\DataProvider">
        <arguments>
            <argument name="collection" xsi:type="object" shared="false">Nostress\Koongo\Model\ResourceModel\Channel\Profile\Collection</argument>
            <argument name="filterPool" xsi:type="object" shared="false">KoongoGirdFilterPool</argument>
        </arguments>
    </virtualType>
    
    
    
    
     <!-- 
    <preference for="Nostress\Koongo\Api\Data\Channel\ProfileInterface" type="Nostress\Koongo\Model\Channel\Profile" />
    <virtualType name="KoongoGridFilterPool" type="Magento\Framework\View\Element\UiComponent\DataProvider\FilterPool">
        <arguments>
            <argument name="appliers" xsi:type="array">
                <item name="regular" xsi:type="object">Magento\Framework\View\Element\UiComponent\DataProvider\RegularFilter</item>
                <item name="fulltext" xsi:type="object">Magento\Framework\View\Element\UiComponent\DataProvider\FulltextFilter</item>
            </argument>
        </arguments>
    </virtualType>
    <virtualType name="ChannelProfileGridDataProvider" type="Magento\Framework\View\Element\UiComponent\DataProvider\DataProvider">
        <arguments>
            <argument name="collection" xsi:type="object" shared="false">Nostress\Koongo\Model\ResourceModel\Channel\Profile\Collection</argument>
            <argument name="filterPool" xsi:type="object" shared="false">KoongoGridFilterPool</argument>
        </arguments>
    </virtualType>
    <virtualType name="Nostress\Koongo\Model\ResourceModel\Channel\Profile\Grid\Collection" type="Magento\Framework\View\Element\UiComponent\DataProvider\SearchResult">
        <arguments>
            <argument name="mainTable" xsi:type="string">nostress_koongo_channel_profile</argument>
            <argument name="resourceModel" xsi:type="string">Nostress\Koongo\Model\ResourceModel\Channel\Profile</argument>
        </arguments>
    </virtualType>
    <type name="Magento\Framework\View\Element\UiComponent\DataProvider\CollectionFactory">
        <arguments>
            <argument name="collections" xsi:type="array">
                <item name="koongo_channel_profile_listing_data_source" xsi:type="string">Nostress\Koongo\Model\ResourceModel\Channel\Profile\Grid\Collection</item>
            </argument>
        </arguments>
    </type>-->
    
    
    <!-- 
    <preference for="Ashsmith\Blog\Api\Data\PostInterface" type="Ashsmith\Blog\Model\Post" />
    <virtualType name="BlogGirdFilterPool" type="Magento\Framework\View\Element\UiComponent\DataProvider\FilterPool">
        <arguments>
            <argument name="appliers" xsi:type="array">
                <item name="regular" xsi:type="object">Magento\Framework\View\Element\UiComponent\DataProvider\RegularFilter</item>
                <item name="fulltext" xsi:type="object">Magento\Framework\View\Element\UiComponent\DataProvider\FulltextFilter</item>
            </argument>
        </arguments>
    </virtualType>
    <virtualType name="PostGridDataProvider" type="Magento\Framework\View\Element\UiComponent\DataProvider\DataProvider">
        <arguments>
            <argument name="collection" xsi:type="object" shared="false">Ashsmith\Blog\Model\Resource\Post\Collection</argument>
            <argument name="filterPool" xsi:type="object" shared="false">BlogGirdFilterPool</argument>
        </arguments>
    </virtualType>
    <virtualType name="Ashsmith\Blog\Model\ResourceModel\Post\Grid\Collection" type="Magento\Framework\View\Element\UiComponent\DataProvider\SearchResult">
        <arguments>
            <argument name="mainTable" xsi:type="string">ashsmith_blog_post</argument>
            <argument name="resourceModel" xsi:type="string">Ashsmith\Blog\Model\ResourceModel\Post</argument>
        </arguments>
    </virtualType>
    <type name="Magento\Framework\View\Element\UiComponent\DataProvider\CollectionFactory">
        <arguments>
            <argument name="collections" xsi:type="array">
                <item name="blog_post_listing_data_source" xsi:type="string">Ashsmith\Blog\Model\ResourceModel\Post\Grid\Collection</item>
            </argument>
        </arguments>
    </type> -->
</config>